"edge","distance","value"
0,0,1.64803606124405
0,0.00200400801603206,1.63922595764837
0,0.00400801603206413,1.64134163203027
0,0.00601202404809619,1.66743834097569
0,0.00801603206412826,1.6822114753572
0,0.0100200400801603,1.6876218578893
0,0.0120240480961924,1.68865558412059
0,0.0140280561122244,1.6935691925279
0,0.0160320641282565,1.69506015601094
0,0.0180360721442886,1.66755199964676
0,0.0200400801603206,1.60888743981123
0,0.0220440881763527,1.55885017698707
0,0.0240480961923848,1.51081795604154
0,0.0260521042084168,1.4458867203742
0,0.0280561122244489,1.37723085077955
0,0.030060120240481,1.32309181016763
0,0.032064128256513,1.29292516361178
0,0.0340681362725451,1.26403838578185
0,0.0360721442885771,1.23194633922099
0,0.0380761523046092,1.18251992282623
0,0.0400801603206413,1.13491113621517
0,0.0420841683366733,1.08408273712678
0,0.0440881763527054,1.03819984836975
0,0.0460921843687375,1.00233348120426
0,0.0480961923847695,0.979766323332412
0,0.0501002004008016,0.954304787306032
0,0.0521042084168337,0.932808372710644
0,0.0541082164328657,0.896082137373997
0,0.0561122244488978,0.848513483927403
0,0.0581162324649299,0.792692031007953
0,0.0601202404809619,0.713656492087601
0,0.062124248496994,0.633073589165494
0,0.064128256513026,0.559283488615551
0,0.0661322645290581,0.486777355202977
0,0.0681362725450902,0.425084958695765
0,0.0701402805611222,0.361876056113354
0,0.0721442885771543,0.287084062334109
0,0.0741482965931864,0.217626660112397
0,0.0761523046092184,0.14572158325796
0,0.0781563126252505,0.0905570486053259
0,0.0801603206412826,0.0385477657362566
0,0.0821643286573146,-0.00469673882698363
0,0.0841683366733467,-0.0401325127283805
0,0.0861723446893787,-0.0800189067741625
0,0.0881763527054108,-0.103679652348032
0,0.0901803607214429,-0.115138141594505
0,0.0921843687374749,-0.123112467198868
0,0.094188376753507,-0.127446686977044
0,0.0961923847695391,-0.12391830463289
0,0.0981963927855711,-0.117803872501645
0,0.100200400801603,-0.1412183146969
0,0.102204408817635,-0.167992472388748
0,0.104208416833667,-0.195642030769929
0,0.106212424849699,-0.220353808526977
0,0.108216432865731,-0.236929685301792
0,0.110220440881764,-0.236789550500417
0,0.112224448897796,-0.239854552840895
0,0.114228456913828,-0.231519956110781
0,0.11623246492986,-0.216726902574106
0,0.118236472945892,-0.191553963110035
0,0.120240480961924,-0.156032152347421
0,0.122244488977956,-0.113177062949556
0,0.124248496993988,-0.0814399038050131
0,0.12625250501002,-0.0553788737532718
0,0.128256513026052,-0.0250953114460589
0,0.130260521042084,-0.00456324225860982
0,0.132264529058116,0.00673102367048301
0,0.134268537074148,0.021551945638875
0,0.13627254509018,0.0444570149188519
0,0.138276553106212,0.0723719686379102
0,0.140280561122244,0.090826678438477
0,0.142284569138277,0.0947626877968635
0,0.144288577154309,0.110326887778564
0,0.146292585170341,0.131253786341793
0,0.148296593186373,0.152176809634022
0,0.150300601202405,0.170561703471772
0,0.152304609218437,0.175427360792152
0,0.154308617234469,0.182640039686213
0,0.156312625250501,0.188632432221992
0,0.158316633266533,0.191629344554462
0,0.160320641282565,0.202916716588338
0,0.162324649298597,0.223772424637626
0,0.164328657314629,0.258855941863977
0,0.166332665330661,0.290268295736993
0,0.168336673346693,0.324387419849528
0,0.170340681362725,0.371265269917272
0,0.172344689378757,0.407294161255861
0,0.17434869739479,0.429018317573145
0,0.176352705410822,0.435361964221004
0,0.178356713426854,0.423407101307055
0,0.180360721442886,0.40869714732556
0,0.182364729458918,0.40114572932344
0,0.18436873747495,0.407192288149949
0,0.186372745490982,0.425824582884619
0,0.188376753507014,0.435584443327532
0,0.190380761523046,0.459748835226989
0,0.192384769539078,0.480067225086282
0,0.19438877755511,0.497743708635856
0,0.196392785571142,0.509773185785185
0,0.198396793587174,0.518082291072906
0,0.200400801603206,0.526762599709462
0,0.202404809619238,0.535918703914328
0,0.204408817635271,0.543904365377041
0,0.206412825651303,0.551720141750016
0,0.208416833667335,0.553871618155516
0,0.210420841683367,0.548984283560054
0,0.212424849699399,0.526086721638075
0,0.214428857715431,0.495959963302772
0,0.216432865731463,0.461215651798719
0,0.218436873747495,0.453535058948174
0,0.220440881763527,0.439552648592511
0,0.222444889779559,0.423753037010876
0,0.224448897795591,0.394164478470171
0,0.226452905811623,0.347669271480218
0,0.228456913827655,0.301234649337079
0,0.230460921843687,0.248072259777425
0,0.232464929859719,0.195537559721945
0,0.234468937875751,0.142073856715199
0,0.236472945891784,0.084852913166291
0,0.238476953907816,0.0098001761967511
0,0.240480961923848,-0.0776437690945336
0,0.24248496993988,-0.160597141041907
0,0.244488977955912,-0.231733134371615
0,0.246492985971944,-0.301186782373345
0,0.248496993987976,-0.366932424896932
0,0.250501002004008,-0.41677688139645
0,0.25250501002004,-0.445641093710406
0,0.254509018036072,-0.479060341662842
0,0.256513026052104,-0.513733044042363
0,0.258517034068136,-0.533952936838303
0,0.260521042084168,-0.553652001942228
0,0.2625250501002,-0.573142600528517
0,0.264529058116232,-0.591645949282042
0,0.266533066132265,-0.617193985282124
0,0.268537074148297,-0.647035458446842
0,0.270541082164329,-0.675586569101519
0,0.272545090180361,-0.705592430085499
0,0.274549098196393,-0.722886268053713
0,0.276553106212425,-0.739979214336049
0,0.278557114228457,-0.760602650426243
0,0.280561122244489,-0.773234533227112
0,0.282565130260521,-0.79268876115178
0,0.284569138276553,-0.8131054229643
0,0.286573146292585,-0.846602365173377
0,0.288577154308617,-0.869462442099911
0,0.290581162324649,-0.889392593904435
0,0.292585170340681,-0.912283358619503
0,0.294589178356713,-0.946013582120038
0,0.296593186372745,-0.979725962213089
0,0.298597194388778,-1.01794332091604
0,0.30060120240481,-1.05978237079857
0,0.302605210420842,-1.08630194728938
0,0.304609218436874,-1.10810881814609
0,0.306613226452906,-1.1381878677487
0,0.308617234468938,-1.1661461221805
0,0.31062124248497,-1.19401550639178
0,0.312625250501002,-1.2137698519829
0,0.314629258517034,-1.21511435820732
0,0.316633266533066,-1.2209546261293
0,0.318637274549098,-1.22312276402927
0,0.32064128256513,-1.22168507325281
0,0.322645290581162,-1.20987308325034
0,0.324649298597194,-1.19734501537419
0,0.326653306613226,-1.17662632132886
0,0.328657314629259,-1.17091430539117
0,0.330661322645291,-1.152181872551
0,0.332665330661323,-1.12038334818855
0,0.334669338677355,-1.08861610727857
0,0.336673346693387,-1.07238841097022
0,0.338677354709419,-1.05349007022182
0,0.340681362725451,-1.02817418300177
0,0.342685370741483,-1.00214638930948
0,0.344689378757515,-0.975222066405315
0,0.346693386773547,-0.954324108173985
0,0.348697394789579,-0.931624743362303
0,0.350701402805611,-0.905486245679077
0,0.352705410821643,-0.882020619741949
0,0.354709418837675,-0.873006156905024
0,0.356713426853707,-0.860202625858654
0,0.358717434869739,-0.839945627963294
0,0.360721442885772,-0.826847119741549
0,0.362725450901804,-0.831584968177711
0,0.364729458917836,-0.837227023066192
0,0.366733466933868,-0.844375398488155
0,0.3687374749499,-0.848483264840258
0,0.370741482965932,-0.863411762984028
0,0.372745490981964,-0.889201424457003
0,0.374749498997996,-0.904059566598026
0,0.376753507014028,-0.910023748680077
0,0.37875751503006,-0.907683536390956
0,0.380761523046092,-0.885008574501035
0,0.382765531062124,-0.856762605294269
0,0.384769539078156,-0.848790072509038
0,0.386773547094188,-0.842357438407916
0,0.38877755511022,-0.822952487332998
0,0.390781563126252,-0.780504518864733
0,0.392785571142285,-0.748124829277557
0,0.394789579158317,-0.732020704691002
0,0.396793587174349,-0.726137458120959
0,0.398797595190381,-0.732052996175932
0,0.400801603206413,-0.745865046833328
0,0.402805611222445,-0.761413706869679
0,0.404809619238477,-0.78735890789048
0,0.406813627254509,-0.793746692597715
0,0.408817635270541,-0.792342417869521
0,0.410821643286573,-0.790653989385052
0,0.412825651302605,-0.783496499338181
0,0.414829659318637,-0.774229629479305
0,0.416833667334669,-0.765885481649983
0,0.418837675350701,-0.743005941678856
0,0.420841683366733,-0.719035537476887
0,0.422845691382766,-0.70905656573858
0,0.424849699398798,-0.698509431672059
0,0.42685370741483,-0.690301715028625
0,0.428857715430862,-0.687910081845986
0,0.430861723446894,-0.696780202174703
0,0.432865731462926,-0.70284267883093
0,0.434869739478958,-0.708263812332647
0,0.43687374749499,-0.707874566620459
0,0.438877755511022,-0.707634945129113
0,0.440881763527054,-0.71369454119988
0,0.442885771543086,-0.707935327432756
0,0.444889779559118,-0.701115049365596
0,0.44689378757515,-0.6853120215859
0,0.448897795591182,-0.679107991893329
0,0.450901803607214,-0.680293927854444
0,0.452905811623246,-0.684492365467574
0,0.454909819639279,-0.692175260685073
0,0.456913827655311,-0.686278769367693
0,0.458917835671343,-0.676641927193391
0,0.460921843687375,-0.66451650990933
0,0.462925851703407,-0.661071059189569
0,0.464929859719439,-0.66675959101781
0,0.466933867735471,-0.663379971833402
0,0.468937875751503,-0.644418325088754
0,0.470941883767535,-0.610349016064299
0,0.472945891783567,-0.588160620484875
0,0.474949899799599,-0.550219675701505
0,0.476953907815631,-0.498749991630169
0,0.478957915831663,-0.447729276106263
0,0.480961923847695,-0.392745346659184
0,0.482965931863727,-0.348704854057158
0,0.48496993987976,-0.320576396784517
0,0.486973947895792,-0.296370353908464
0,0.488977955911824,-0.285121495717262
0,0.490981963927856,-0.275585280387231
0,0.492985971943888,-0.253077490520412
0,0.49498997995992,-0.238544740089555
0,0.496993987975952,-0.234713126186935
0,0.498997995991984,-0.232354236750786
0,0.501002004008016,-0.239785569035303
0,0.503006012024048,-0.252900798901201
0,0.50501002004008,-0.257252216691352
0,0.507014028056112,-0.249152871341587
0,0.509018036072144,-0.23496294931946
0,0.511022044088176,-0.238680596453139
0,0.513026052104208,-0.247289091158133
0,0.51503006012024,-0.244680874888706
0,0.517034068136273,-0.231136695817351
0,0.519038076152305,-0.217963081028257
0,0.521042084168337,-0.232525039355947
0,0.523046092184369,-0.252364206607849
0,0.525050100200401,-0.264762091103422
0,0.527054108216433,-0.274051785948406
0,0.529058116232465,-0.280724840272957
0,0.531062124248497,-0.281952835993508
0,0.533066132264529,-0.285535709956182
0,0.535070140280561,-0.276681803536841
0,0.537074148296593,-0.260003356249856
0,0.539078156312625,-0.25514093688118
0,0.541082164328657,-0.239971449096619
0,0.543086172344689,-0.210021168762553
0,0.545090180360721,-0.170531954242494
0,0.547094188376753,-0.147696861583471
0,0.549098196392786,-0.136216834805288
0,0.551102204408818,-0.120585333817131
0,0.55310621242485,-0.10374958557057
0,0.555110220440882,-0.084373742856334
0,0.557114228456914,-0.0410404104740231
0,0.559118236472946,-0.00213247939417049
0,0.561122244488978,0.0111893177622863
0,0.56312625250501,0.0207271641718774
0,0.565130260521042,0.023552809195318
0,0.567134268537074,0.0287460674025687
0,0.569138276553106,0.0267348034791211
0,0.571142284569138,0.04448447069653
0,0.57314629258517,0.0656175823266648
0,0.575150300601202,0.0802319673526649
0,0.577154308617234,0.0908796503596871
0,0.579158316633266,0.108773370565948
0,0.581162324649299,0.128582197426478
0,0.583166332665331,0.13115717344813
0,0.585170340681363,0.129075692980231
0,0.587174348697395,0.134468684806969
0,0.589178356713427,0.141740907194016
0,0.591182364729459,0.155712942043018
0,0.593186372745491,0.169070462638643
0,0.595190380761523,0.180385007428161
0,0.597194388777555,0.195337995482571
0,0.599198396793587,0.220125420086604
0,0.601202404809619,0.233341138873617
0,0.603206412825651,0.241786080188239
0,0.605210420841683,0.248603339315437
0,0.607214428857715,0.24701654331985
0,0.609218436873747,0.233061275121189
0,0.61122244488978,0.21083376396143
0,0.613226452905812,0.193977789519924
0,0.615230460921844,0.175482623353998
0,0.617234468937876,0.14920016107143
0,0.619238476953908,0.124054947495541
0,0.62124248496994,0.0887073462306345
0,0.623246492985972,0.062678803008857
0,0.625250501002004,0.0363199293152608
0,0.627254509018036,0.0122822455089692
0,0.629258517034068,-0.00914407990296442
0,0.6312625250501,-0.0289785347804181
0,0.633266533066132,-0.0296084854307042
0,0.635270541082164,-0.033505443605153
0,0.637274549098196,-0.0279812701742065
0,0.639278557114228,-0.0194473457504206
0,0.64128256513026,-0.0195966164756722
0,0.643286573146293,-0.0225819283865812
0,0.645290581162325,-0.0181499069778279
0,0.647294589178357,-0.0162013346141148
0,0.649298597194389,-0.0230809898665945
0,0.651302605210421,-0.0299899023421149
0,0.653306613226453,-0.0262402937375223
0,0.655310621242485,-0.0208098763537873
0,0.657314629258517,-0.029564203419159
0,0.659318637274549,-0.0542164165038625
0,0.661322645290581,-0.0881541115393446
0,0.663326653306613,-0.126915345286276
0,0.665330661322645,-0.164510840446793
0,0.667334669338677,-0.192821633334132
0,0.669338677354709,-0.221499878586459
0,0.671342685370741,-0.260097042320729
0,0.673346693386773,-0.292737075701802
0,0.675350701402806,-0.318505888309949
0,0.677354709418838,-0.330020072776717
0,0.67935871743487,-0.353876204973033
0,0.681362725450902,-0.379275042785731
0,0.683366733466934,-0.388936063202926
0,0.685370741482966,-0.386761796164089
0,0.687374749498998,-0.390548620976664
0,0.68937875751503,-0.388579339405502
0,0.691382765531062,-0.392919574753121
0,0.693386773547094,-0.403250944156186
0,0.695390781563126,-0.401884992617231
0,0.697394789579158,-0.399836576050597
0,0.69939879759519,-0.390031426846853
0,0.701402805611222,-0.381081652339457
0,0.703406813627254,-0.388557271594472
0,0.705410821643287,-0.407567780064092
0,0.707414829659319,-0.437755017330121
0,0.709418837675351,-0.473009742158958
0,0.711422845691383,-0.509895170363049
0,0.713426853707415,-0.546063472107302
0,0.715430861723447,-0.581921429828117
0,0.717434869739479,-0.59664424147814
0,0.719438877755511,-0.618297295590194
0,0.721442885771543,-0.645471206981328
0,0.723446893787575,-0.667670707356194
0,0.725450901803607,-0.670582530452931
0,0.727454909819639,-0.667296098339724
0,0.729458917835671,-0.650960442850847
0,0.731462925851703,-0.64784594333267
0,0.733466933867735,-0.634223489319392
0,0.735470941883767,-0.623710741439498
0,0.7374749498998,-0.617668795365832
0,0.739478957915832,-0.6229140123505
0,0.741482965931864,-0.628626254928739
0,0.743486973947896,-0.615215483065182
0,0.745490981963928,-0.573357646631786
0,0.74749498997996,-0.537812562027224
0,0.749498997995992,-0.502034411305423
0,0.751503006012024,-0.453066199437689
0,0.753507014028056,-0.405082071371621
0,0.755511022044088,-0.362474669986844
0,0.75751503006012,-0.325842422371632
0,0.759519038076152,-0.286161684469109
0,0.761523046092184,-0.233429967412827
0,0.763527054108216,-0.173479180770422
0,0.765531062124248,-0.112365157615612
0,0.767535070140281,-0.0573379467505273
0,0.769539078156313,-0.00181156783177689
0,0.771543086172345,0.0459029052905214
0,0.773547094188377,0.0861760245792704
0,0.775551102204409,0.133725964294557
0,0.777555110220441,0.185179995418028
0,0.779559118236473,0.23649991653676
0,0.781563126252505,0.282209095986372
0,0.783567134268537,0.333006310528885
0,0.785571142284569,0.395582146025902
0,0.787575150300601,0.448410320823174
0,0.789579158316633,0.495381423362077
0,0.791583166332665,0.53921118370827
0,0.793587174348697,0.573863691226274
0,0.795591182364729,0.594132690939828
0,0.797595190380761,0.609681671073505
0,0.799599198396793,0.629916929518545
0,0.801603206412826,0.664300844454072
0,0.803607214428858,0.680645654045804
0,0.80561122244489,0.683130116244335
0,0.807615230460922,0.679743036854956
0,0.809619238476954,0.658629022010794
0,0.811623246492986,0.62647308729657
0,0.813627254509018,0.586235886258893
0,0.81563126252505,0.539011068966703
0,0.817635270541082,0.471083368080783
0,0.819639278557114,0.403777653904025
0,0.821643286573146,0.33516723311203
0,0.823647294589178,0.284386015920887
0,0.82565130260521,0.24878887015349
0,0.827655310621242,0.203327268716576
0,0.829659318637274,0.158111584152532
0,0.831663326653307,0.110481974440824
0,0.833667334669339,0.0734332275281302
0,0.835671342685371,0.0419584727439654
0,0.837675350701403,0.00751741631020996
0,0.839679358717435,-0.0214400011733929
0,0.841683366733467,-0.0454488895176757
0,0.843687374749499,-0.0686929050049114
0,0.845691382765531,-0.0705708744288788
0,0.847695390781563,-0.0719361755598949
0,0.849699398797595,-0.0789470552287827
0,0.851703406813627,-0.101558760776694
0,0.853707414829659,-0.126607957294451
0,0.855711422845691,-0.14077013052683
0,0.857715430861723,-0.171432668941284
0,0.859719438877755,-0.207188487712854
0,0.861723446893788,-0.251910985617001
0,0.86372745490982,-0.281539393232461
0,0.865731462925852,-0.291108248211531
0,0.867735470941884,-0.292394624106231
0,0.869739478957916,-0.278000230838046
0,0.871743486973948,-0.268796919649257
0,0.87374749498998,-0.252612335774984
0,0.875751503006012,-0.240292933951989
0,0.877755511022044,-0.226708589450127
0,0.879759519038076,-0.215677435244828
0,0.881763527054108,-0.208426297872967
0,0.88376753507014,-0.19654052846131
0,0.885771543086172,-0.196332801213643
0,0.887775551102204,-0.201363168437524
0,0.889779559118236,-0.204288896132858
0,0.891783567134268,-0.209765806416937
0,0.8937875751503,-0.214085702740789
0,0.895791583166333,-0.22011795353154
0,0.897795591182365,-0.209920448295965
0,0.899799599198397,-0.188723846413229
0,0.901803607214429,-0.138061120636146
0,0.903807615230461,-0.0915175257053476
0,0.905811623246493,-0.043039933676648
0,0.907815631262525,0.0236220909991525
0,0.909819639278557,0.0923365828188272
0,0.911823647294589,0.144513129625497
0,0.913827655310621,0.178681826673378
0,0.915831663326653,0.206048667157918
0,0.917835671342685,0.242635896224948
0,0.919839679358717,0.285328741469476
0,0.921843687374749,0.303901620749425
0,0.923847695390781,0.307188321409256
0,0.925851703406814,0.307137458196583
0,0.927855711422846,0.291916358698678
0,0.929859719438878,0.280222302571691
0,0.93186372745491,0.246948778872351
0,0.933867735470942,0.211687834992446
0,0.935871743486974,0.176454854209739
0,0.937875751503006,0.139170705699747
0,0.939879759519038,0.1021020917118
0,0.94188376753507,0.071740182298042
0,0.943887775551102,0.0497388466321936
0,0.945891783567134,0.0294681475751397
0,0.947895791583166,-0.00670178131565353
0,0.949899799599198,-0.0556882846098706
0,0.95190380761523,-0.11392143708749
0,0.953907815631262,-0.158253669127069
0,0.955911823647295,-0.19395048986537
0,0.957915831663327,-0.219444141547112
0,0.959919839679359,-0.251479668668351
0,0.961923847695391,-0.283031329944062
0,0.963927855711423,-0.300601762108847
0,0.965931863727455,-0.310199651883678
0,0.967935871743487,-0.313949155432117
0,0.969939879759519,-0.31189769082473
0,0.971943887775551,-0.293270375464007
0,0.973947895791583,-0.275179297027022
0,0.975951903807615,-0.250455564767035
0,0.977955911823647,-0.216458835207689
0,0.979959919839679,-0.194258546622451
0,0.981963927855711,-0.174403366332599
0,0.983967935871743,-0.15499137123017
0,0.985971943887775,-0.128876122095075
0,0.987975951903807,-0.100124628294887
0,0.98997995991984,-0.0811811015819209
0,0.991983967935872,-0.0722387038652487
0,0.993987975951904,-0.0768599112008312
0,0.995991983967936,-0.085709485605267
0,0.997995991983968,-0.0976854863901704
0,1,-0.106124447635075
1,0,-0.106124447635075
1,0.00200400801603206,-0.12665079552787
1,0.00400801603206413,-0.160774161047701
1,0.00601202404809619,-0.187524902132563
1,0.00801603206412826,-0.199065928882013
1,0.0100200400801603,-0.210726324940573
1,0.0120240480961924,-0.233574223108379
1,0.0140280561122244,-0.25846483084029
1,0.0160320641282565,-0.259526358796838
1,0.0180360721442886,-0.23418165852481
1,0.0200400801603206,-0.221821681035414
1,0.0220440881763527,-0.218089478086286
1,0.0240480961923848,-0.200187451616662
1,0.0260521042084168,-0.179582150653637
1,0.0280561122244489,-0.144510261587918
1,0.030060120240481,-0.110692315018055
1,0.032064128256513,-0.0739328537610385
1,0.0340681362725451,-0.0357459246101812
1,0.0360721442885771,0.0323318836365681
1,0.0380761523046092,0.113400750035787
1,0.0400801603206413,0.179441708796819
1,0.0420841683366733,0.231709077276584
1,0.0440881763527054,0.282255407186375
1,0.0460921843687375,0.311328776061255
1,0.0480961923847695,0.315291331951205
1,0.0501002004008016,0.302803561391924
1,0.0521042084168337,0.284410960884405
1,0.0541082164328657,0.278210163203805
1,0.0561122244488978,0.272670194743635
1,0.0581162324649299,0.26806062831206
1,0.0601202404809619,0.263240294031945
1,0.062124248496994,0.25131711796099
1,0.064128256513026,0.251462031964362
1,0.0661322645290581,0.244095949795693
1,0.0681362725450902,0.231794169732522
1,0.0701402805611222,0.216017214816883
1,0.0721442885771543,0.205372164546276
1,0.0741482965931864,0.212444043968771
1,0.0761523046092184,0.228100369372523
1,0.0781563126252505,0.257419175519443
1,0.0801603206412826,0.295640812965042
1,0.0821643286573146,0.326815054661718
1,0.0841683366733467,0.354672869586566
1,0.0861723446893787,0.394024368842977
1,0.0881763527054108,0.418526633293234
1,0.0901803607214429,0.439977116170382
1,0.0921843687374749,0.458789359418084
1,0.094188376753507,0.484041520338772
1,0.0961923847695391,0.516746007324021
1,0.0981963927855711,0.551602625772425
1,0.100200400801603,0.598984090817052
1,0.102204408817635,0.63139989932778
1,0.104208416833667,0.665853641835635
1,0.106212424849699,0.684061752834017
1,0.108216432865731,0.70187394324583
1,0.110220440881764,0.720109536209469
1,0.112224448897796,0.746051846613644
1,0.114228456913828,0.772716147665607
1,0.11623246492986,0.781443424945588
1,0.118236472945892,0.764750176251674
1,0.120240480961924,0.748316552044064
1,0.122244488977956,0.732819275108665
1,0.124248496993988,0.711688123586723
1,0.12625250501002,0.6865732674682
1,0.128256513026052,0.654906603944476
1,0.130260521042084,0.621278648863676
1,0.132264529058116,0.579590768083519
1,0.134268537074148,0.518025618733406
1,0.13627254509018,0.452587658699552
1,0.138276553106212,0.400731783581464
1,0.140280561122244,0.373145451606706
1,0.142284569138277,0.351956675583799
1,0.144288577154309,0.330991343252845
1,0.146292585170341,0.320322880849704
1,0.148296593186373,0.313067221015511
1,0.150300601202405,0.301789906060551
1,0.152304609218437,0.272650784615332
1,0.154308617234469,0.228110188855344
1,0.156312625250501,0.186958896045854
1,0.158316633266533,0.135039518112014
1,0.160320641282565,0.0929228669587068
1,0.162324649298597,0.0430232165176205
1,0.164328657314629,-0.00904175830095533
1,0.166332665330661,-0.0581384023026204
1,0.168336673346693,-0.104007205200975
1,0.170340681362725,-0.145215296892561
1,0.172344689378757,-0.177191979085782
1,0.17434869739479,-0.206481473477211
1,0.176352705410822,-0.236348465182643
1,0.178356713426854,-0.26301356627072
1,0.180360721442886,-0.291433916361968
1,0.182364729458918,-0.303604544041428
1,0.18436873747495,-0.331931868079097
1,0.186372745490982,-0.353582497615371
1,0.188376753507014,-0.373106792206605
1,0.190380761523046,-0.387381921190341
1,0.192384769539078,-0.389401806245765
1,0.19438877755511,-0.379992170567077
1,0.196392785571142,-0.375074037462002
1,0.198396793587174,-0.356380977672991
1,0.200400801603206,-0.350390056458426
1,0.202404809619238,-0.34016499658518
1,0.204408817635271,-0.332990277528457
1,0.206412825651303,-0.34615287486411
1,0.208416833667335,-0.381476664019257
1,0.210420841683367,-0.416497049405891
1,0.212424849699399,-0.42612659587147
1,0.214428857715431,-0.426050548030165
1,0.216432865731463,-0.413619521844552
1,0.218436873747495,-0.390291506371639
1,0.220440881763527,-0.372310034201818
1,0.222444889779559,-0.347429166691314
1,0.224448897795591,-0.317816224272137
1,0.226452905811623,-0.286851764046174
1,0.228456913827655,-0.247219904114668
1,0.230460921843687,-0.199950099773658
1,0.232464929859719,-0.159818526663477
1,0.234468937875751,-0.11995197255664
1,0.236472945891784,-0.0903671752868761
1,0.238476953907816,-0.0588005500062236
1,0.240480961923848,-0.0318808294052095
1,0.24248496993988,-0.00341631432569404
1,0.244488977955912,0.0279631055297545
1,0.246492985971944,0.055512821110139
1,0.248496993987976,0.0850236744927469
1,0.250501002004008,0.119345037392679
1,0.25250501002004,0.150468892569027
1,0.254509018036072,0.190272374986311
1,0.256513026052104,0.244003077828965
1,0.258517034068136,0.291000056514568
1,0.260521042084168,0.325099079015724
1,0.2625250501002,0.359541132027831
1,0.264529058116232,0.383611251747013
1,0.266533066132265,0.398781277921948
1,0.268537074148297,0.419195455428768
1,0.270541082164329,0.43422170972663
1,0.272545090180361,0.427221963695454
1,0.274549098196393,0.421651313439565
1,0.276553106212425,0.401926765721831
1,0.278557114228457,0.365479126045845
1,0.280561122244489,0.297736910478651
1,0.282565130260521,0.234415330773663
1,0.284569138276553,0.179736608467903
1,0.286573146292585,0.133734287043441
1,0.288577154308617,0.100206601171616
1,0.290581162324649,0.0706278073326718
1,0.292585170340681,0.0319460549637569
1,0.294589178356713,-0.00154164791049024
1,0.296593186372745,-0.0184499903555277
1,0.298597194388778,-0.045544472443083
1,0.30060120240481,-0.080710017211112
1,0.302605210420842,-0.11790492367592
1,0.304609218436874,-0.165947361747731
1,0.306613226452906,-0.207139372036396
1,0.308617234468938,-0.2493990620174
1,0.31062124248497,-0.277730445031264
1,0.312625250501002,-0.299992659232056
1,0.314629258517034,-0.313096536623167
1,0.316633266533066,-0.307651968916742
1,0.318637274549098,-0.295475400278784
1,0.32064128256513,-0.272460066298435
1,0.322645290581162,-0.245751997437796
1,0.324649298597194,-0.234887930547158
1,0.326653306613226,-0.228248485179774
1,0.328657314629259,-0.214652625801489
1,0.330661322645291,-0.194999348007392
1,0.332665330661323,-0.17685786632193
1,0.334669338677355,-0.172184487455547
1,0.336673346693387,-0.164468670560568
1,0.338677354709419,-0.164402258489223
1,0.340681362725451,-0.178902729726006
1,0.342685370741483,-0.189664224241622
1,0.344689378757515,-0.210059678302591
1,0.346693386773547,-0.229688651732219
1,0.348697394789579,-0.24706062444588
1,0.350701402805611,-0.276059625197789
1,0.352705410821643,-0.294673597811727
1,0.354709418837675,-0.314422368979514
1,0.356713426853707,-0.322220516348586
1,0.358717434869739,-0.330632690650642
1,0.360721442885772,-0.34501540447632
1,0.362725450901804,-0.359856763869328
1,0.364729458917836,-0.376893528827333
1,0.366733466933868,-0.396807064795228
1,0.3687374749499,-0.424511794329619
1,0.370741482965932,-0.464131771778623
1,0.372745490981964,-0.497712033298954
1,0.374749498997996,-0.534784777477053
1,0.376753507014028,-0.58443906079361
1,0.37875751503006,-0.638719660435243
1,0.380761523046092,-0.697848029181631
1,0.382765531062124,-0.77591881601648
1,0.384769539078156,-0.856504829516026
1,0.386773547094188,-0.929808706800529
1,0.38877755511022,-0.993767562241949
1,0.390781563126252,-1.04763085867219
1,0.392785571142285,-1.10548607751365
1,0.394789579158317,-1.16402466738152
1,0.396793587174349,-1.22807671650749
1,0.398797595190381,-1.29532530866303
1,0.400801603206413,-1.37015333237295
1,0.402805611222445,-1.45256160897611
1,0.404809619238477,-1.52449129396308
1,0.406813627254509,-1.59084316498261
1,0.408817635270541,-1.65416149332297
1,0.410821643286573,-1.69494672944109
1,0.412825651302605,-1.72703126931552
1,0.414829659318637,-1.76039797849559
1,0.416833667334669,-1.78352999406147
1,0.418837675350701,-1.80586097971289
1,0.420841683366733,-1.81234815467706
1,0.422845691382766,-1.81638548954618
1,0.424849699398798,-1.82510382774147
1,0.42685370741483,-1.84424755248701
1,0.428857715430862,-1.85980357198768
1,0.430861723446894,-1.85683070110232
1,0.432865731462926,-1.85152966982558
1,0.434869739478958,-1.84278957028053
1,0.43687374749499,-1.82851292601016
1,0.438877755511022,-1.79816849670141
1,0.440881763527054,-1.75746681185724
1,0.442885771543086,-1.72627280223416
1,0.444889779559118,-1.70485955679857
1,0.44689378757515,-1.69208640859464
1,0.448897795591182,-1.67877143119309
1,0.450901803607214,-1.66405677916753
1,0.452905811623246,-1.64477303999305
1,0.454909819639279,-1.63037003291481
1,0.456913827655311,-1.62047486536767
1,0.458917835671343,-1.6030412186629
1,0.460921843687375,-1.58393080221206
1,0.462925851703407,-1.570963948961
1,0.464929859719439,-1.54919113399074
1,0.466933867735471,-1.52437363308041
1,0.468937875751503,-1.50843680272124
1,0.470941883767535,-1.47738059120239
1,0.472945891783567,-1.45367885566722
1,0.474949899799599,-1.45050261735072
1,0.476953907815631,-1.47274883167461
1,0.478957915831663,-1.49131499629052
1,0.480961923847695,-1.51042547884775
1,0.482965931863727,-1.53061180390001
1,0.48496993987976,-1.5455297547621
1,0.486973947895792,-1.56147354365326
1,0.488977955911824,-1.59160044508675
1,0.490981963927856,-1.64130488982484
1,0.492985971943888,-1.69426247686318
1,0.49498997995992,-1.74086643907877
1,0.496993987975952,-1.80429398892803
1,0.498997995991984,-1.86450987183662
1,0.501002004008016,-1.91358047067171
1,0.503006012024048,-1.94325130447274
1,0.50501002004008,-1.96362041624233
1,0.507014028056112,-1.97787432118978
1,0.509018036072144,-1.98236200221537
1,0.511022044088176,-1.9828240791623
1,0.513026052104208,-1.98177320623334
1,0.51503006012024,-1.97754330932837
1,0.517034068136273,-1.96364556996056
1,0.519038076152305,-1.95066853205293
1,0.521042084168337,-1.94234074601762
1,0.523046092184369,-1.94214272557325
1,0.525050100200401,-1.95140674663282
1,0.527054108216433,-1.9570738458408
1,0.529058116232465,-1.94395997141148
1,0.531062124248497,-1.93491157415257
1,0.533066132264529,-1.92861875587583
1,0.535070140280561,-1.93113585344727
1,0.537074148296593,-1.92499294778446
1,0.539078156312625,-1.91773654465795
1,0.541082164328657,-1.90779321112256
1,0.543086172344689,-1.89237831376918
1,0.545090180360721,-1.8852479835906
1,0.547094188376753,-1.88019993498689
1,0.549098196392786,-1.87581106942221
1,0.551102204408818,-1.86346326434759
1,0.55310621242485,-1.86012522156576
1,0.555110220440882,-1.86990658458441
1,0.557114228456914,-1.87245692950131
1,0.559118236472946,-1.87640958540213
1,0.561122244488978,-1.88595105827831
1,0.56312625250501,-1.89326540254403
1,0.565130260521042,-1.90072205408868
1,0.567134268537074,-1.88789841359547
1,0.569138276553106,-1.86622939062082
1,0.571142284569138,-1.84154009449274
1,0.57314629258517,-1.80673717509502
1,0.575150300601202,-1.77027248283205
1,0.577154308617234,-1.73384440427604
1,0.579158316633266,-1.70825721600601
1,0.581162324649299,-1.7077961865387
1,0.583166332665331,-1.72329791535408
1,0.585170340681363,-1.73778665383256
1,0.587174348697395,-1.75913058073907
1,0.589178356713427,-1.77290410234809
1,0.591182364729459,-1.7746943337504
1,0.593186372745491,-1.77020894269712
1,0.595190380761523,-1.7653424155495
1,0.597194388777555,-1.77270115885091
1,0.599198396793587,-1.78411557536071
1,0.601202404809619,-1.79792807481904
1,0.603206412825651,-1.80334264239864
1,0.605210420841683,-1.7916090619077
1,0.607214428857715,-1.7701439587792
1,0.609218436873747,-1.75781067083055
1,0.61122244488978,-1.73072784531181
1,0.613226452905812,-1.68903502056957
1,0.615230460921844,-1.64325667367241
1,0.617234468937876,-1.61974037002854
1,0.619238476953908,-1.6110979273045
1,0.62124248496994,-1.60430483486207
1,0.623246492985972,-1.58872714422331
1,0.625250501002004,-1.5819079106237
1,0.627254509018036,-1.54512231785895
1,0.629258517034068,-1.52563616659965
1,0.6312625250501,-1.51468938003624
1,0.633266533066132,-1.50583392162577
1,0.635270541082164,-1.50297931163359
1,0.637274549098196,-1.50339708376687
1,0.639278557114228,-1.4954977590162
1,0.64128256513026,-1.49297483838255
1,0.643286573146293,-1.51164457294352
1,0.645290581162325,-1.53180439846555
1,0.647294589178357,-1.54852464280984
1,0.649298597194389,-1.56237790473173
1,0.651302605210421,-1.5668570287152
1,0.653306613226453,-1.56749719495239
1,0.655310621242485,-1.55857452281328
1,0.657314629258517,-1.56611480136728
1,0.659318637274549,-1.5876622163876
1,0.661322645290581,-1.60536569232326
1,0.663326653306613,-1.62247498889669
1,0.665330661322645,-1.62807312682943
1,0.667334669338677,-1.63870691264653
1,0.669338677354709,-1.64213652953271
1,0.671342685370741,-1.64799845425044
1,0.673346693386773,-1.66417287261201
1,0.675350701402806,-1.68352846440438
1,0.677354709418838,-1.69992413542516
1,0.67935871743487,-1.72508681031597
1,0.681362725450902,-1.75719818284485
1,0.683366733466934,-1.79927717156408
1,0.685370741482966,-1.82957671862576
1,0.687374749498998,-1.84576364421771
1,0.68937875751503,-1.86684036593211
1,0.691382765531062,-1.88142015022226
1,0.693386773547094,-1.89373117227686
1,0.695390781563126,-1.91450492140831
1,0.697394789579158,-1.93028783047302
1,0.69939879759519,-1.94467333162753
1,0.701402805611222,-1.94784377796814
1,0.703406813627254,-1.94796096613166
1,0.705410821643287,-1.93443735562053
1,0.707414829659319,-1.92127892359015
1,0.709418837675351,-1.90576734779677
1,0.711422845691383,-1.8846635722541
1,0.713426853707415,-1.85886388200828
1,0.715430861723447,-1.82971021426319
1,0.717434869739479,-1.79977845198787
1,0.719438877755511,-1.77048505492003
1,0.721442885771543,-1.7276775840062
1,0.723446893787575,-1.672969885059
1,0.725450901803607,-1.62338417443558
1,0.727454909819639,-1.56286854180472
1,0.729458917835671,-1.49926106333305
1,0.731462925851703,-1.4438807094906
1,0.733466933867735,-1.39032106077597
1,0.735470941883767,-1.33959888617116
1,0.7374749498998,-1.28989653291477
1,0.739478957915832,-1.25109976546273
1,0.741482965931864,-1.223833505457
1,0.743486973947896,-1.1854363828366
1,0.745490981963928,-1.13489477367476
1,0.74749498997996,-1.09231848757289
1,0.749498997995992,-1.06224241332181
1,0.751503006012024,-1.01805034612812
1,0.753507014028056,-0.951992069472276
1,0.755511022044088,-0.891590621303292
1,0.75751503006012,-0.84878879222375
1,0.759519038076152,-0.785155262478704
1,0.761523046092184,-0.715393208340552
1,0.763527054108216,-0.646735539160934
1,0.765531062124248,-0.580386204756099
1,0.767535070140281,-0.503468152763783
1,0.769539078156313,-0.429006223242864
1,0.771543086172345,-0.344870271729696
1,0.773547094188377,-0.264005906633399
1,0.775551102204409,-0.183568654406486
1,0.777555110220441,-0.116859009797287
1,0.779559118236473,-0.0552184339805299
1,0.781563126252505,0.0149489518763191
1,0.783567134268537,0.0822638473909848
1,0.785571142284569,0.157480288960127
1,0.787575150300601,0.25800175367746
1,0.789579158316633,0.368198429647429
1,0.791583166332665,0.470837726813069
1,0.793587174348697,0.56656847975364
1,0.795591182364729,0.651435458574723
1,0.797595190380761,0.750397102144021
1,0.799599198396793,0.818675621892967
1,0.801603206412826,0.874681299907133
1,0.803607214428858,0.927496680609427
1,0.80561122244489,0.978369315039414
1,0.807615230460922,1.01021306749996
1,0.809619238476954,1.03710272732079
1,0.811623246492986,1.06374611280438
1,0.813627254509018,1.10058582718188
1,0.81563126252505,1.14244620119783
1,0.817635270541082,1.19279934762496
1,0.819639278557114,1.2321461080799
1,0.821643286573146,1.26393986930156
1,0.823647294589178,1.29397255903311
1,0.82565130260521,1.32394760736453
1,0.827655310621242,1.34453806991501
1,0.829659318637274,1.37519699818673
1,0.831663326653307,1.40032194581272
1,0.833667334669339,1.40491320487964
1,0.835671342685371,1.40762213027819
1,0.837675350701403,1.41645929128575
1,0.839679358717435,1.43439417172134
1,0.841683366733467,1.44289556152465
1,0.843687374749499,1.44451582995788
1,0.845691382765531,1.43098399152712
1,0.847695390781563,1.42193033791975
1,0.849699398797595,1.41786525626778
1,0.851703406813627,1.42266163416826
1,0.853707414829659,1.43412439957376
1,0.855711422845691,1.43898813366764
1,0.857715430861723,1.44225535252531
1,0.859719438877755,1.4256234344638
1,0.861723446893788,1.40878979284062
1,0.86372745490982,1.40268378841702
1,0.865731462925852,1.38961997660188
1,0.867735470941884,1.352970947617
1,0.869739478957916,1.29735555403463
1,0.871743486973948,1.23000614718613
1,0.87374749498998,1.17610998692448
1,0.875751503006012,1.12876424768385
1,0.877755511022044,1.07216277749922
1,0.879759519038076,1.02147131716285
1,0.881763527054108,0.954256914102871
1,0.88376753507014,0.883806600431216
1,0.885771543086172,0.828915863427169
1,0.887775551102204,0.777777167436433
1,0.889779559118236,0.742476812026849
1,0.891783567134268,0.730820993111079
1,0.8937875751503,0.713177482488572
1,0.895791583166333,0.682540472354353
1,0.897795591182365,0.64251472183792
1,0.899799599198397,0.608733846579124
1,0.901803607214429,0.587474647318956
1,0.903807615230461,0.582077343766561
1,0.905811623246493,0.5929096777237
1,0.907815631262525,0.616427825117424
1,0.909819639278557,0.649381712088451
1,0.911823647294589,0.682792222421607
1,0.913827655310621,0.704225031616946
1,0.915831663326653,0.713573883552818
1,0.917835671342685,0.723340466543032
1,0.919839679358717,0.748604644546899
1,0.921843687374749,0.791013640274966
1,0.923847695390781,0.813459748701729
1,0.925851703406814,0.81904277300286
1,0.927855711422846,0.83394678173018
1,0.929859719438878,0.838835740454487
1,0.93186372745491,0.82306570983691
1,0.933867735470942,0.808825052283425
1,0.935871743486974,0.812342738549949
1,0.937875751503006,0.835979930096178
1,0.939879759519038,0.863888864964809
1,0.94188376753507,0.893179879675438
1,0.943887775551102,0.92201092372333
1,0.945891783567134,0.943893340480115
1,0.947895791583166,0.926068363705227
1,0.949899799599198,0.904576581240671
1,0.95190380761523,0.879325954435287
1,0.953907815631262,0.860933271647688
1,0.955911823647295,0.836196076093803
1,0.957915831663327,0.792517677029542
1,0.959919839679359,0.757405706299766
1,0.961923847695391,0.726477660557344
1,0.963927855711423,0.726399537307925
1,0.965931863727455,0.734491708090364
1,0.967935871743487,0.742447260505412
1,0.969939879759519,0.746172749862576
1,0.971943887775551,0.731690106246146
1,0.973947895791583,0.700482723868394
1,0.975951903807615,0.668458294882053
1,0.977955911823647,0.637302787491179
1,0.979959919839679,0.600424643438516
1,0.981963927855711,0.543009122666587
1,0.983967935871743,0.489015883327334
1,0.985971943887775,0.416266717479782
1,0.987975951903807,0.333027007782206
1,0.98997995991984,0.267094159257926
1,0.991983967935872,0.19979601104374
1,0.993987975951904,0.128673890726383
1,0.995991983967936,0.0506985178086165
1,0.997995991983968,-0.0320302500418834
1,1,-0.0946581312128225
2,0,-0.0946581312128225
2,0.00200400801603206,-0.149625256765809
2,0.00400801603206413,-0.201289185257294
2,0.00601202404809619,-0.27759436507826
2,0.00801603206412826,-0.364561410565106
2,0.0100200400801603,-0.439641495012827
2,0.0120240480961924,-0.510007247885949
2,0.0140280561122244,-0.578642808381648
2,0.0160320641282565,-0.634182520792259
2,0.0180360721442886,-0.688327770740264
2,0.0200400801603206,-0.733281618621954
2,0.0220440881763527,-0.78672245273157
2,0.0240480961923848,-0.851514025333665
2,0.0260521042084168,-0.930705964889132
2,0.0280561122244489,-1.0070915018604
2,0.030060120240481,-1.07899036894996
2,0.032064128256513,-1.13114785487934
2,0.0340681362725451,-1.17509614294034
2,0.0360721442885771,-1.20150015981766
2,0.0380761523046092,-1.20199349808476
2,0.0400801603206413,-1.20075713550779
2,0.0420841683366733,-1.19567467651367
2,0.0440881763527054,-1.19684139317842
2,0.0460921843687375,-1.19149544122825
2,0.0480961923847695,-1.19381272284296
2,0.0501002004008016,-1.2075502596289
2,0.0521042084168337,-1.21882520801177
2,0.0541082164328657,-1.2262682494255
2,0.0561122244488978,-1.22895738481134
2,0.0581162324649299,-1.22865934659491
2,0.0601202404809619,-1.23197739944944
2,0.062124248496994,-1.23631765390732
2,0.064128256513026,-1.22330708464672
2,0.0661322645290581,-1.2056445765399
2,0.0681362725450902,-1.2008027049584
2,0.0701402805611222,-1.20669078593467
2,0.0721442885771543,-1.22386612658383
2,0.0741482965931864,-1.25024314079021
2,0.0761523046092184,-1.28819860140737
2,0.0781563126252505,-1.35131281906542
2,0.0801603206412826,-1.40896076546609
2,0.0821643286573146,-1.4528325328762
2,0.0841683366733467,-1.49279800664028
2,0.0861723446893787,-1.536139430277
2,0.0881763527054108,-1.58470006923643
2,0.0901803607214429,-1.6263746792418
2,0.0921843687374749,-1.66007636684137
2,0.094188376753507,-1.68483287588865
2,0.0961923847695391,-1.70480739854682
2,0.0981963927855711,-1.71534611228197
2,0.100200400801603,-1.71729929251218
2,0.102204408817635,-1.7104831931609
2,0.104208416833667,-1.69577251504148
2,0.106212424849699,-1.66238974876356
2,0.108216432865731,-1.6353198157666
2,0.110220440881764,-1.5960847005231
2,0.112224448897796,-1.55693465320371
2,0.114228456913828,-1.52012079157637
2,0.11623246492986,-1.48337928197443
2,0.118236472945892,-1.45157797399986
2,0.120240480961924,-1.44656777146641
2,0.122244488977956,-1.45003540024934
2,0.124248496993988,-1.45200117444652
2,0.12625250501002,-1.46915901876148
2,0.128256513026052,-1.48262478635271
2,0.130260521042084,-1.49789545401652
2,0.132264529058116,-1.49770975712003
2,0.134268537074148,-1.48936151599663
2,0.13627254509018,-1.48691295421861
2,0.138276553106212,-1.48332758599476
2,0.140280561122244,-1.47527532719531
2,0.142284569138277,-1.45637901865624
2,0.144288577154309,-1.43619301223389
2,0.146292585170341,-1.43613969820605
2,0.148296593186373,-1.45259298098391
2,0.150300601202405,-1.4781303021772
2,0.152304609218437,-1.4982973607048
2,0.154308617234469,-1.51704944918661
2,0.156312625250501,-1.53958401248597
2,0.158316633266533,-1.56876258921717
2,0.160320641282565,-1.59487441084723
2,0.162324649298597,-1.62536280484508
2,0.164328657314629,-1.65808345862648
2,0.166332665330661,-1.69699261035153
2,0.168336673346693,-1.74747811482469
2,0.170340681362725,-1.78679667209775
2,0.172344689378757,-1.83185927938491
2,0.17434869739479,-1.87452613389859
2,0.176352705410822,-1.91755571517965
2,0.178356713426854,-1.96739730664434
2,0.180360721442886,-2.01184543157632
2,0.182364729458918,-2.04660971248274
2,0.18436873747495,-2.06321375745333
2,0.186372745490982,-2.06975958604602
2,0.188376753507014,-2.07396329281867
2,0.190380761523046,-2.05019276287943
2,0.192384769539078,-2.02516761452334
2,0.19438877755511,-2.01106551113159
2,0.196392785571142,-2.00348970027426
2,0.198396793587174,-1.99659076520903
2,0.200400801603206,-1.98220569646545
2,0.202404809619238,-1.96079556683337
2,0.204408817635271,-1.93848338017375
2,0.206412825651303,-1.92413085956008
2,0.208416833667335,-1.89965428038436
2,0.210420841683367,-1.86260336228342
2,0.212424849699399,-1.83058828876304
2,0.214428857715431,-1.7937346494925
2,0.216432865731463,-1.7510167844961
2,0.218436873747495,-1.69763824781288
2,0.220440881763527,-1.64162992570003
2,0.222444889779559,-1.59831582019341
2,0.224448897795591,-1.55115097424728
2,0.226452905811623,-1.51040581897773
2,0.228456913827655,-1.46736398687757
2,0.230460921843687,-1.40761902373865
2,0.232464929859719,-1.3598053147888
2,0.234468937875751,-1.30197042814959
2,0.236472945891784,-1.22904177121713
2,0.238476953907816,-1.16121087020956
2,0.240480961923848,-1.10044908555975
2,0.24248496993988,-1.04990282566866
2,0.244488977955912,-1.00895513259097
2,0.246492985971944,-0.965373290861348
2,0.248496993987976,-0.930918370736153
2,0.250501002004008,-0.901939096799223
2,0.25250501002004,-0.875773751788578
2,0.254509018036072,-0.851675111513672
2,0.256513026052104,-0.826668131862693
2,0.258517034068136,-0.78616460680721
2,0.260521042084168,-0.747694606397048
2,0.2625250501002,-0.719958064650072
2,0.264529058116232,-0.687534871522167
2,0.266533066132265,-0.650644942985712
2,0.268537074148297,-0.612143597951485
2,0.270541082164329,-0.569065615930467
2,0.272545090180361,-0.540566543416746
2,0.274549098196393,-0.50659916816558
2,0.276553106212425,-0.467039963036085
2,0.278557114228457,-0.419017497679707
2,0.280561122244489,-0.377113748810492
2,0.282565130260521,-0.357310883834975
2,0.284569138276553,-0.348057311294854
2,0.286573146292585,-0.349233779200935
2,0.288577154308617,-0.330415842991509
2,0.290581162324649,-0.310681041053019
2,0.292585170340681,-0.29512427393761
2,0.294589178356713,-0.270361785143755
2,0.296593186372745,-0.238025784230845
2,0.298597194388778,-0.19931083608328
2,0.30060120240481,-0.135230988869278
2,0.302605210420842,-0.0667009489450191
2,0.304609218436874,0.0165230356833404
2,0.306613226452906,0.101676671631663
2,0.308617234468938,0.167294878727513
2,0.31062124248497,0.202520082966306
2,0.312625250501002,0.23567006357842
2,0.314629258517034,0.258192214868313
2,0.316633266533066,0.276679963831999
2,0.318637274549098,0.311228048882268
2,0.32064128256513,0.351210207204169
2,0.322645290581162,0.386190748941253
2,0.324649298597194,0.398654723401619
2,0.326653306613226,0.396849792072756
2,0.328657314629259,0.386919530832777
2,0.330661322645291,0.382428478891862
2,0.332665330661323,0.38436484025759
2,0.334669338677355,0.38713911663463
2,0.336673346693387,0.391090972063753
2,0.338677354709419,0.391960684856347
2,0.340681362725451,0.391854472248605
2,0.342685370741483,0.394057524388845
2,0.344689378757515,0.400798731494714
2,0.346693386773547,0.425817529561034
2,0.348697394789579,0.442531609860317
2,0.350701402805611,0.469207967262912
2,0.352705410821643,0.504061082366901
2,0.354709418837675,0.52253729657604
2,0.356713426853707,0.532358478887867
2,0.358717434869739,0.533970462561847
2,0.360721442885772,0.523999797367059
2,0.362725450901804,0.496472939660406
2,0.364729458917836,0.461287712503241
2,0.366733466933868,0.422333088626783
2,0.3687374749499,0.381164139718102
2,0.370741482965932,0.321151024506835
2,0.372745490981964,0.263700475506748
2,0.374749498997996,0.218318185418895
2,0.376753507014028,0.185479036752991
2,0.37875751503006,0.164308133864581
2,0.380761523046092,0.148378824036071
2,0.382765531062124,0.148345789959695
2,0.384769539078156,0.143385019421248
2,0.386773547094188,0.124192466458896
2,0.38877755511022,0.106236232317458
2,0.390781563126252,0.0945992042911415
2,0.392785571142285,0.0774433745889814
2,0.394789579158317,0.0597411058367873
2,0.396793587174349,0.0464422310382492
2,0.398797595190381,0.0385793084570618
2,0.400801603206413,0.0408419508476757
2,0.402805611222445,0.0544202834252072
2,0.404809619238477,0.0455596264560783
2,0.406813627254509,0.0478592953922866
2,0.408817635270541,0.0590080701558951
2,0.410821643286573,0.0649281691313423
2,0.412825651302605,0.0578909492725865
2,0.414829659318637,0.0572383522571348
2,0.416833667334669,0.0621896340153454
2,0.418837675350701,0.0782304161457401
2,0.420841683366733,0.0953608505015062
2,0.422845691382766,0.108677530120638
2,0.424849699398798,0.142423149633489
2,0.42685370741483,0.159600130421692
2,0.428857715430862,0.173921828602736
2,0.430861723446894,0.191909980924654
2,0.432865731462926,0.213812766189121
2,0.434869739478958,0.240661559731879
2,0.43687374749499,0.26418552485603
2,0.438877755511022,0.296593216143782
2,0.440881763527054,0.305383902001786
2,0.442885771543086,0.298819355050193
2,0.444889779559118,0.289053525021359
2,0.44689378757515,0.280907099193345
2,0.448897795591182,0.277423634335026
2,0.450901803607214,0.281231426805277
2,0.452905811623246,0.271287640613037
2,0.454909819639279,0.257796258473945
2,0.456913827655311,0.250103205120972
2,0.458917835671343,0.257096672773208
2,0.460921843687375,0.265713085021903
2,0.462925851703407,0.288909232838698
2,0.464929859719439,0.311670383859594
2,0.466933867735471,0.331317077380306
2,0.468937875751503,0.350717498289967
2,0.470941883767535,0.363891557394902
2,0.472945891783567,0.381497585677158
2,0.474949899799599,0.386118805740797
2,0.476953907815631,0.386383612868353
2,0.478957915831663,0.380851359767908
2,0.480961923847695,0.368441184366977
2,0.482965931863727,0.366348663758915
2,0.48496993987976,0.377390877355735
2,0.486973947895792,0.405790748464126
2,0.488977955911824,0.433446531421711
2,0.490981963927856,0.458379931449764
2,0.492985971943888,0.465918757100217
2,0.49498997995992,0.464503521289021
2,0.496993987975952,0.479016573726671
2,0.498997995991984,0.49256747553482
2,0.501002004008016,0.492060224240384
2,0.503006012024048,0.488364886005508
2,0.50501002004008,0.496759474703065
2,0.507014028056112,0.491772542783409
2,0.509018036072144,0.479899333943029
2,0.511022044088176,0.472222680628568
2,0.513026052104208,0.485251906234189
2,0.51503006012024,0.496017254020008
2,0.517034068136273,0.518850904861232
2,0.519038076152305,0.539316288068519
2,0.521042084168337,0.546501375934982
2,0.523046092184369,0.538692102060388
2,0.525050100200401,0.525629903576479
2,0.527054108216433,0.512051650718545
2,0.529058116232465,0.495572098288408
2,0.531062124248497,0.489162595451157
2,0.533066132264529,0.487285630735067
2,0.535070140280561,0.484452321175828
2,0.537074148296593,0.475056587843844
2,0.539078156312625,0.451405866351787
2,0.541082164328657,0.406117866663174
2,0.543086172344689,0.360355821018031
2,0.545090180360721,0.318088355695513
2,0.547094188376753,0.291835646296641
2,0.549098196392786,0.273509662089848
2,0.551102204408818,0.26475323590873
2,0.55310621242485,0.258820255326523
2,0.555110220440882,0.245065570801976
2,0.557114228456914,0.232679950057923
2,0.559118236472946,0.225006218429533
2,0.561122244488978,0.210468358621683
2,0.56312625250501,0.194261083379282
2,0.565130260521042,0.198596835496115
2,0.567134268537074,0.196609317571624
2,0.569138276553106,0.206097045807369
2,0.571142284569138,0.216404452414612
2,0.57314629258517,0.239823801627193
2,0.575150300601202,0.257049070840703
2,0.577154308617234,0.269993290958652
2,0.579158316633266,0.2846999822755
2,0.581162324649299,0.297855557453292
2,0.583166332665331,0.316031946804639
2,0.585170340681363,0.332773956750731
2,0.587174348697395,0.35953657114656
2,0.589178356713427,0.389017533131479
2,0.591182364729459,0.42340420748938
2,0.593186372745491,0.445202558228577
2,0.595190380761523,0.455470259744607
2,0.597194388777555,0.473585621491372
2,0.599198396793587,0.497895274819553
2,0.601202404809619,0.520071893383086
2,0.603206412825651,0.538800235122704
2,0.605210420841683,0.562874061028554
2,0.607214428857715,0.584545226842872
2,0.609218436873747,0.604312248927574
2,0.61122244488978,0.606113739731527
2,0.613226452905812,0.62031128645819
2,0.615230460921844,0.645154891453633
2,0.617234468937876,0.677896452028307
2,0.619238476953908,0.691169073265035
2,0.62124248496994,0.697609089746846
2,0.623246492985972,0.698821283587351
2,0.625250501002004,0.68460047740526
2,0.627254509018036,0.674177844127642
2,0.629258517034068,0.677860525705886
2,0.6312625250501,0.678426895646261
2,0.633266533066132,0.674563149517894
2,0.635270541082164,0.686552188002054
2,0.637274549098196,0.685322502487732
2,0.639278557114228,0.686482366248083
2,0.64128256513026,0.68576629467744
2,0.643286573146293,0.682469157820835
2,0.645290581162325,0.672412430888622
2,0.647294589178357,0.671583505810573
2,0.649298597194389,0.661963416414738
2,0.651302605210421,0.658878476862602
2,0.653306613226453,0.671788288357892
2,0.655310621242485,0.670746021543358
2,0.657314629258517,0.653719323626017
2,0.659318637274549,0.640097132504615
2,0.661322645290581,0.618956491411063
2,0.663326653306613,0.589354664489856
2,0.665330661322645,0.555024033614461
2,0.667334669338677,0.517971248280371
2,0.669338677354709,0.489022213725099
2,0.671342685370741,0.457563953096845
2,0.673346693386773,0.427180048823743
2,0.675350701402806,0.406053861387811
2,0.677354709418838,0.372861042641709
2,0.67935871743487,0.33082659244263
2,0.681362725450902,0.298112613155466
2,0.683366733466934,0.26604657322326
2,0.685370741482966,0.210097202823601
2,0.687374749498998,0.142769964180814
2,0.68937875751503,0.0858355862582613
2,0.691382765531062,0.0308450424793806
2,0.693386773547094,-0.0253238509648093
2,0.695390781563126,-0.0799093811218725
2,0.697394789579158,-0.123737211310617
2,0.69939879759519,-0.167114058110639
2,0.701402805611222,-0.203677882299188
2,0.703406813627254,-0.230324572972808
2,0.705410821643287,-0.263109645020516
2,0.707414829659319,-0.296345625924436
2,0.709418837675351,-0.332121300226805
2,0.711422845691383,-0.362059458077292
2,0.713426853707415,-0.40295408059827
2,0.715430861723447,-0.429065902727133
2,0.717434869739479,-0.435207675972697
2,0.719438877755511,-0.444781027416432
2,0.721442885771543,-0.461605393170504
2,0.723446893787575,-0.487054800332245
2,0.725450901803607,-0.513530275389725
2,0.727454909819639,-0.542472166888685
2,0.729458917835671,-0.568583112136304
2,0.731462925851703,-0.609973582676342
2,0.733466933867735,-0.650760417463909
2,0.735470941883767,-0.686962313434913
2,0.7374749498998,-0.735129521870406
2,0.739478957915832,-0.780159981748889
2,0.741482965931864,-0.819420581492598
2,0.743486973947896,-0.856634014211343
2,0.745490981963928,-0.890489749520272
2,0.74749498997996,-0.916661320610808
2,0.749498997995992,-0.934945529514783
2,0.751503006012024,-0.953604105638983
2,0.753507014028056,-0.959044033220081
2,0.755511022044088,-0.959650823832448
2,0.75751503006012,-0.959841659283126
2,0.759519038076152,-0.949245434642631
2,0.761523046092184,-0.925269830558274
2,0.763527054108216,-0.90537945988062
2,0.765531062124248,-0.896626371024061
2,0.767535070140281,-0.89619687411875
2,0.769539078156313,-0.907379187005587
2,0.771543086172345,-0.936546914681141
2,0.773547094188377,-0.963410396888799
2,0.775551102204409,-0.987037013847085
2,0.777555110220441,-1.00103846695922
2,0.779559118236473,-1.01029425095486
2,0.781563126252505,-1.01274467186639
2,0.783567134268537,-1.01665407751914
2,0.785571142284569,-1.02884481387584
2,0.787575150300601,-1.03281365235934
2,0.789579158316633,-1.02467369974907
2,0.791583166332665,-1.02984212609286
2,0.793587174348697,-1.02823994057375
2,0.795591182364729,-1.03950862249088
2,0.797595190380761,-1.05269313400332
2,0.799599198396793,-1.06648853792363
2,0.801603206412826,-1.0790916198227
2,0.803607214428858,-1.07777902045438
2,0.80561122244489,-1.08339294867059
2,0.807615230460922,-1.09186221354615
2,0.809619238476954,-1.07259311724568
2,0.811623246492986,-1.05974578388373
2,0.813627254509018,-1.05509060352752
2,0.81563126252505,-1.05000945015035
2,0.817635270541082,-1.0405802710382
2,0.819639278557114,-1.03365245060561
2,0.821643286573146,-1.02831321948156
2,0.823647294589178,-1.01042783506548
2,0.82565130260521,-0.989744496745778
2,0.827655310621242,-0.965523163715923
2,0.829659318637274,-0.935702594528216
2,0.831663326653307,-0.899997467691139
2,0.833667334669339,-0.857893799462933
2,0.835671342685371,-0.813941988630717
2,0.837675350701403,-0.776939982601789
2,0.839679358717435,-0.742002210807004
2,0.841683366733467,-0.71615203440826
2,0.843687374749499,-0.690705537514489
2,0.845691382765531,-0.667163389244625
2,0.847695390781563,-0.644264327871551
2,0.849699398797595,-0.630951967244705
2,0.851703406813627,-0.621031223367576
2,0.853707414829659,-0.619957549574521
2,0.855711422845691,-0.62239455611922
2,0.857715430861723,-0.617045753225884
2,0.859719438877755,-0.604788839771852
2,0.861723446893788,-0.580393676159124
2,0.86372745490982,-0.547051565992764
2,0.865731462925852,-0.510195597269323
2,0.867735470941884,-0.462392330287729
2,0.869739478957916,-0.400295871299512
2,0.871743486973948,-0.34993636232936
2,0.87374749498998,-0.294765135509584
2,0.875751503006012,-0.230313118021566
2,0.877755511022044,-0.156084817532387
2,0.879759519038076,-0.090623221978147
2,0.881763527054108,-0.00570056178518985
2,0.88376753507014,0.0567599736008007
2,0.885771543086172,0.110887353186969
2,0.887775551102204,0.165227805800061
2,0.889779559118236,0.217395970513286
2,0.891783567134268,0.275587917975724
2,0.8937875751503,0.335477330454795
2,0.895791583166333,0.386427757078584
2,0.897795591182365,0.448131869130828
2,0.899799599198397,0.50865370597046
2,0.901803607214429,0.572364111908799
2,0.903807615230461,0.628800809879138
2,0.905811623246493,0.671413902278988
2,0.907815631262525,0.704858546842763
2,0.909819639278557,0.726821767534937
2,0.911823647294589,0.752703462550595
2,0.913827655310621,0.766088456964719
2,0.915831663326653,0.768478705531344
2,0.917835671342685,0.772357097445351
2,0.919839679358717,0.763511655456059
2,0.921843687374749,0.750708291708652
2,0.923847695390781,0.739707728084965
2,0.925851703406814,0.746999918026996
2,0.927855711422846,0.759571428189548
2,0.929859719438878,0.770321417879767
2,0.93186372745491,0.777636681559724
2,0.933867735470942,0.792425454425648
2,0.935871743486974,0.809484964822324
2,0.937875751503006,0.824623930621619
2,0.939879759519038,0.840249011621467
2,0.94188376753507,0.869966513860162
2,0.943887775551102,0.920138598010707
2,0.945891783567134,0.96816133428573
2,0.947895791583166,1.01488977097322
2,0.949899799599198,1.05880455974006
2,0.95190380761523,1.11979370972344
2,0.953907815631262,1.188366937857
2,0.955911823647295,1.23744168078229
2,0.957915831663327,1.27656981183575
2,0.959919839679359,1.29344097177314
2,0.961923847695391,1.30800693746332
2,0.963927855711423,1.33367234491508
2,0.965931863727455,1.35566627449518
2,0.967935871743487,1.36753712622908
2,0.969939879759519,1.3938204488491
2,0.971943887775551,1.41746403727138
2,0.973947895791583,1.45047898957375
2,0.975951903807615,1.48833428849431
2,0.977955911823647,1.53300371846077
2,0.979959919839679,1.58340313232415
2,0.981963927855711,1.63648488535893
2,0.983967935871743,1.68850473245751
2,0.985971943887775,1.72726331412988
2,0.987975951903807,1.74955256839155
2,0.98997995991984,1.7487413887125
2,0.991983967935872,1.72961429640571
2,0.993987975951904,1.70663984435463
2,0.995991983967936,1.6877931567412
2,0.997995991983968,1.66779559038332
2,1,1.64803606124405
3,0,1.64803606124405
3,0.00260521042084168,1.62550375557855
3,0.00521042084168337,1.59022130099803
3,0.00781563126252505,1.55622533770774
3,0.0104208416833667,1.54127265545672
3,0.0130260521042084,1.50290977359261
3,0.0156312625250501,1.47884654262978
3,0.0182364729458918,1.41386385505976
3,0.0208416833667335,1.34440380325461
3,0.0234468937875752,1.31152984595223
3,0.0260521042084168,1.29834077780228
3,0.0286573146292585,1.30488439906708
3,0.0312625250501002,1.29994903827494
3,0.0338677354709419,1.29451489010275
3,0.0364729458917836,1.31056033603236
3,0.0390781563126252,1.29874041621896
3,0.0416833667334669,1.29766411871424
3,0.0442885771543086,1.26837234240049
3,0.0468937875751503,1.21968091210086
3,0.049498997995992,1.22504494344083
3,0.0521042084168337,1.25148644300931
3,0.0547094188376753,1.2719097153168
3,0.057314629258517,1.30612161334067
3,0.0599198396793587,1.33269450000102
3,0.0625250501002004,1.36376520759877
3,0.0651302605210421,1.38320546930309
3,0.0677354709418838,1.34425987488443
3,0.0703406813627254,1.30191249021298
3,0.0729458917835671,1.25188856822793
3,0.0755511022044088,1.18831572046437
3,0.0781563126252505,1.12475542525797
3,0.0807615230460922,1.09298526953372
3,0.0833667334669339,1.07503305668374
3,0.0859719438877755,1.07504826589623
3,0.0885771543086172,1.08963819726341
3,0.0911823647294589,1.10478614984292
3,0.0937875751503006,1.12943486170261
3,0.0963927855711423,1.14856492281571
3,0.098997995991984,1.13465367856874
3,0.101603206412826,1.11887456218623
3,0.104208416833667,1.05502277355799
3,0.106813627254509,0.961066769405111
3,0.109418837675351,0.867548911517704
3,0.112024048096192,0.777831677248142
3,0.114629258517034,0.685724053812915
3,0.117234468937876,0.620106822848971
3,0.119839679358717,0.542725469618648
3,0.122444889779559,0.410835828331418
3,0.125050100200401,0.293912795005455
3,0.127655310621242,0.194352124516525
3,0.130260521042084,0.103143819279308
3,0.132865731462926,0.012812176990543
3,0.135470941883768,-0.105442118982149
3,0.138076152304609,-0.23995756845281
3,0.140681362725451,-0.353470506936673
3,0.143286573146293,-0.449999086038301
3,0.145891783567134,-0.564272396296424
3,0.148496993987976,-0.659452477184631
3,0.151102204408818,-0.721943179352927
3,0.153707414829659,-0.77356613385185
3,0.156312625250501,-0.818072240409311
3,0.158917835671343,-0.825297688512705
3,0.161523046092184,-0.812717612898416
3,0.164128256513026,-0.770866471659704
3,0.166733466933868,-0.725191450199695
3,0.169338677354709,-0.651195579420909
3,0.171943887775551,-0.57649970518433
3,0.174549098196393,-0.489227509992693
3,0.177154308617234,-0.412120672402029
3,0.179759519038076,-0.366933533633815
3,0.182364729458918,-0.310480877963387
3,0.18496993987976,-0.205057409398712
3,0.187575150300601,-0.104527009765294
3,0.190180360721443,0.0144222489955295
3,0.192785571142285,0.123465858187536
3,0.195390781563126,0.238219923000679
3,0.197995991983968,0.323813860705249
3,0.20060120240481,0.399107599165581
3,0.203206412825651,0.450186812942889
3,0.205811623246493,0.461240453416961
3,0.208416833667335,0.475764985944513
3,0.211022044088176,0.524876609679397
3,0.213627254509018,0.559292433003083
3,0.21623246492986,0.564931639934682
3,0.218837675350701,0.540433401597265
3,0.221442885771543,0.50113399896854
3,0.224048096192385,0.476036853189674
3,0.226653306613226,0.470999544527596
3,0.229258517034068,0.478388734320777
3,0.23186372745491,0.501974096286101
3,0.234468937875751,0.515707659235502
3,0.237074148296593,0.519940575117003
3,0.239679358717435,0.53545870351046
3,0.242284569138277,0.545430118726518
3,0.244889779559118,0.5306027817569
3,0.24749498997996,0.481123860196358
3,0.250100200400802,0.484790255924867
3,0.252705410821643,0.46581812115993
3,0.255310621242485,0.438429245088808
3,0.257915831663327,0.453709303747245
3,0.260521042084168,0.494484459473512
3,0.26312625250501,0.52996470308585
3,0.265731462925852,0.570022813915063
3,0.268336673346693,0.64455266355018
3,0.270941883767535,0.722856267338243
3,0.273547094188377,0.779187759136762
3,0.276152304609218,0.854226655842118
3,0.27875751503006,0.965920479407866
3,0.281362725450902,1.05188286629467
3,0.283967935871743,1.13453522691843
3,0.286573146292585,1.21115988251596
3,0.289178356713427,1.29093689991883
3,0.291783567134269,1.37280046530112
3,0.29438877755511,1.44369444953365
3,0.296993987975952,1.51120336354604
3,0.299599198396794,1.54322311300095
3,0.302204408817635,1.5301429816531
3,0.304809619238477,1.52082909512709
3,0.307414829659319,1.5135099483203
3,0.31002004008016,1.49979289892774
3,0.312625250501002,1.4465467675544
3,0.315230460921844,1.37296889641178
3,0.317835671342685,1.30391824228557
3,0.320440881763527,1.22908595086844
3,0.323046092184369,1.15751274097273
3,0.32565130260521,1.09870306982029
3,0.328256513026052,1.04210989161266
3,0.330861723446894,0.996660310490434
3,0.333466933867735,0.950289515322214
3,0.336072144288577,0.897860662623877
3,0.338677354709419,0.841146500052663
3,0.341282565130261,0.80004842947929
3,0.343887775551102,0.781879275376047
3,0.346492985971944,0.817208163109339
3,0.349098196392786,0.838409894493965
3,0.351703406813627,0.83401854355162
3,0.354308617234469,0.837018383503019
3,0.356913827655311,0.875239336392547
3,0.359519038076152,0.941594726879413
3,0.362124248496994,0.994606286490327
3,0.364729458917836,1.02153392928491
3,0.367334669338677,1.07418867000123
3,0.369939879759519,1.15975173793095
3,0.372545090180361,1.24535041525554
3,0.375150300601202,1.35460071014196
3,0.377755511022044,1.4568214926234
3,0.380360721442886,1.52566096250557
3,0.382965931863727,1.57622639254789
3,0.385571142284569,1.61748104555054
3,0.388176352705411,1.61639974191981
3,0.390781563126253,1.59773466406687
3,0.393386773547094,1.56612876725857
3,0.395991983967936,1.54095434915091
3,0.398597194388778,1.50511611671856
3,0.401202404809619,1.47554654111733
3,0.403807615230461,1.45852952343466
3,0.406412825651303,1.43579368486516
3,0.409018036072144,1.40841293474822
3,0.411623246492986,1.4295940086836
3,0.414228456913828,1.49000318929752
3,0.416833667334669,1.58052447373313
3,0.419438877755511,1.66592747431545
3,0.422044088176353,1.7190440706418
3,0.424649298597194,1.76802005004754
3,0.427254509018036,1.81046615568867
3,0.429859719438878,1.91849577169708
3,0.432464929859719,1.98779491066449
3,0.435070140280561,2.02774306294008
3,0.437675350701403,2.0869066298428
3,0.440280561122244,2.09678330316367
3,0.442885771543086,2.08138871609332
3,0.445490981963928,2.06653510446314
3,0.448096192384769,2.04386668384299
3,0.450701402805611,1.99613127414675
3,0.453306613226453,1.93934089097891
3,0.455911823647295,1.91014898638409
3,0.458517034068136,1.85706296120991
3,0.461122244488978,1.82610290195982
3,0.46372745490982,1.81997927425493
3,0.466332665330661,1.78765730552239
3,0.468937875751503,1.71438058124518
3,0.471543086172345,1.63588372613065
3,0.474148296593186,1.56701576101411
3,0.476753507014028,1.52738527335333
3,0.47935871743487,1.49310821802112
3,0.481963927855711,1.4664547585481
3,0.484569138276553,1.46762975416525
3,0.487174348697395,1.49596242266552
3,0.489779559118236,1.54039792928179
3,0.492384769539078,1.58644151299732
3,0.49498997995992,1.63212793166459
3,0.497595190380761,1.69504267895481
3,0.500200400801603,1.77560429954209
3,0.502805611222445,1.84642659916113
3,0.505410821643287,1.91077672991431
3,0.508016032064128,1.99965018497303
3,0.51062124248497,2.11288735016543
3,0.513226452905812,2.19440412246479
3,0.515831663326653,2.28485938335823
3,0.518436873747495,2.36427231667405
3,0.521042084168337,2.39346440925471
3,0.523647294589178,2.43007149376202
3,0.52625250501002,2.46384537864395
3,0.528857715430862,2.50680871151957
3,0.531462925851703,2.58335340409169
3,0.534068136272545,2.67685254576406
3,0.536673346693387,2.74995498694892
3,0.539278557114228,2.80118744342769
3,0.54188376753507,2.81602617999252
3,0.544488977955912,2.79712364214668
3,0.547094188376753,2.77693470305677
3,0.549699398797595,2.74641599987867
3,0.552304609218437,2.72258721369065
3,0.554909819639279,2.71388931659775
3,0.55751503006012,2.70974779060545
3,0.560120240480962,2.69090448445935
3,0.562725450901804,2.63149246742921
3,0.565330661322645,2.56406280671033
3,0.567935871743487,2.47448919641838
3,0.570541082164329,2.39458603841318
3,0.57314629258517,2.33575925691574
3,0.575751503006012,2.28692735131026
3,0.578356713426854,2.21592783319368
3,0.580961923847695,2.12376020973524
3,0.583567134268537,2.02024334659349
3,0.586172344689379,1.92196655693152
3,0.58877755511022,1.87899326125018
3,0.591382765531062,1.82856756711838
3,0.593987975951904,1.7269869566884
3,0.596593186372745,1.61629798322862
3,0.599198396793587,1.49420300138323
3,0.601803607214429,1.33010552689931
3,0.604408817635271,1.14908359065075
3,0.607014028056112,0.971535892510874
3,0.609619238476954,0.785086305718027
3,0.612224448897796,0.625632432774797
3,0.614829659318637,0.505056687517747
3,0.617434869739479,0.394478980419214
3,0.620040080160321,0.261717634065477
3,0.622645290581162,0.146994320657215
3,0.625250501002004,0.0298049028443154
3,0.627855711422846,-0.0968738294204748
3,0.630460921843687,-0.210739826893851
3,0.633066132264529,-0.331086274177212
3,0.635671342685371,-0.448768650208042
3,0.638276553106212,-0.569909155667207
3,0.640881763527054,-0.671834496677806
3,0.643486973947896,-0.775937955257702
3,0.646092184368737,-0.888598682927943
3,0.648697394789579,-1.01098499051386
3,0.651302605210421,-1.12172089626682
3,0.653907815631263,-1.19077349427645
3,0.656513026052104,-1.26019180834736
3,0.659118236472946,-1.31821799630755
3,0.661723446893788,-1.37813653859576
3,0.664328657314629,-1.45363297488986
3,0.666933867735471,-1.49910317277886
3,0.669539078156313,-1.54048093171523
3,0.672144288577154,-1.54118399023595
3,0.674749498997996,-1.54209901098288
3,0.677354709418838,-1.52785111958131
3,0.679959919839679,-1.48296018674141
3,0.682565130260521,-1.38661617225892
3,0.685170340681363,-1.30181779778052
3,0.687775551102204,-1.22520293084503
3,0.690380761523046,-1.13280352800079
3,0.692985971943888,-1.05218727118549
3,0.695591182364729,-0.967265481802618
3,0.698196392785571,-0.894257805124305
3,0.700801603206413,-0.852740373664975
3,0.703406813627254,-0.866671905971785
3,0.706012024048096,-0.877936773422923
3,0.708617234468938,-0.889314643964626
3,0.711222444889779,-0.862054757792266
3,0.713827655310621,-0.848773914466841
3,0.716432865731463,-0.850735671345022
3,0.719038076152305,-0.835289248006309
3,0.721643286573146,-0.81965421090053
3,0.724248496993988,-0.794108725576961
3,0.72685370741483,-0.737303734828587
3,0.729458917835671,-0.630561721997236
3,0.732064128256513,-0.520020251457972
3,0.734669338677355,-0.437290737383543
3,0.737274549098196,-0.389800944193968
3,0.739879759519038,-0.363812921144537
3,0.74248496993988,-0.351435284714305
3,0.745090180360721,-0.367094560569625
3,0.747695390781563,-0.37382605909707
3,0.750300601202405,-0.344880610952508
3,0.752905811623246,-0.319089638490779
3,0.755511022044088,-0.319368403590124
3,0.75811623246493,-0.351130292823426
3,0.760721442885771,-0.368879540881122
3,0.763326653306613,-0.378138029887243
3,0.765931863727455,-0.424916024493074
3,0.768537074148297,-0.478194764830203
3,0.771142284569138,-0.524353618727843
3,0.77374749498998,-0.581152565941911
3,0.776352705410822,-0.65996302690898
3,0.778957915831663,-0.743956634656787
3,0.781563126252505,-0.83317809818533
3,0.784168336673347,-0.927548365365517
3,0.786773547094188,-1.06042072066197
3,0.78937875751503,-1.19074546312846
3,0.791983967935872,-1.28294525954567
3,0.794589178356713,-1.33032057648048
3,0.797194388777555,-1.31709674017306
3,0.799799599198397,-1.28307035462332
3,0.802404809619238,-1.26871483212376
3,0.80501002004008,-1.24645746650786
3,0.807615230460922,-1.19579522923263
3,0.810220440881763,-1.10003174689117
3,0.812825651302605,-0.982762211632337
3,0.815430861723447,-0.840015033681116
3,0.818036072144289,-0.69234267943598
3,0.82064128256513,-0.582565723825681
3,0.823246492985972,-0.507686824968196
3,0.825851703406814,-0.403599152091403
3,0.828456913827655,-0.28334714867726
3,0.831062124248497,-0.184788725907622
3,0.833667334669339,-0.114335183382084
3,0.83627254509018,-0.0737611147427134
3,0.838877755511022,-0.0384179764236798
3,0.841482965931864,-0.0101500354002569
3,0.844088176352705,-0.00504447798850516
3,0.846693386773547,0.0211661409989304
3,0.849298597194389,0.052991269856853
3,0.85190380761523,0.0985695535188647
3,0.854509018036072,0.136390115249212
3,0.857114228456914,0.172547373935595
3,0.859719438877755,0.228390138962118
3,0.862324649298597,0.298777950828206
3,0.864929859719439,0.385365411255443
3,0.867535070140281,0.429167457743713
3,0.870140280561122,0.461696631048328
3,0.872745490981964,0.487752568045556
3,0.875350701402806,0.496352451741286
3,0.877955911823647,0.488941017078273
3,0.880561122244489,0.515087266021772
3,0.883166332665331,0.557102488597105
3,0.885771543086172,0.593851350778015
3,0.888376753507014,0.645393955318875
3,0.890981963927856,0.684661674323281
3,0.893587174348697,0.71908459542272
3,0.896192384769539,0.780402501501333
3,0.898797595190381,0.834989823747381
3,0.901402805611222,0.863752829660149
3,0.904008016032064,0.872610328406018
3,0.906613226452906,0.855158663031431
3,0.909218436873747,0.839538180437197
3,0.911823647294589,0.834575063996581
3,0.914428857715431,0.850365861733746
3,0.917034068136273,0.906583587764749
3,0.919639278557114,0.994114737512829
3,0.922244488977956,1.05050862378877
3,0.924849699398798,1.13238936969288
3,0.927454909819639,1.21467966357824
3,0.930060120240481,1.27535254825627
3,0.932665330661323,1.36026582292016
3,0.935270541082164,1.44740895977298
3,0.937875751503006,1.55389651270757
3,0.940480961923848,1.64556819193484
3,0.943086172344689,1.69963569950149
3,0.945691382765531,1.69286048760226
3,0.948296593186373,1.69200916672926
3,0.950901803607214,1.67159261468607
3,0.953507014028056,1.65984127521814
3,0.956112224448898,1.6490096429141
3,0.958717434869739,1.64147330511741
3,0.961322645290581,1.65326795224976
3,0.963927855711423,1.6483666664933
3,0.966533066132265,1.62145485347974
3,0.969138276553106,1.58280631263341
3,0.971743486973948,1.5617394093969
3,0.97434869739479,1.53042959071547
3,0.976953907815631,1.49065049774083
3,0.979559118236473,1.46547031052204
3,0.982164328657315,1.4536993866398
3,0.984769539078156,1.44849158839934
3,0.987374749498998,1.43205207267332
3,0.98997995991984,1.41660420572751
3,0.992585170340681,1.39588177216568
3,0.995190380761523,1.3645505780952
3,0.997795591182365,1.36490482471531
3,1.00040080160321,1.37412153686767
3,1.00300601202405,1.39907712892809
3,1.00561122244489,1.42990144501994
3,1.00821643286573,1.4551328865667
3,1.01082164328657,1.46005284458731
3,1.01342685370741,1.45071853539842
3,1.01603206412826,1.4744076515682
3,1.0186372745491,1.49886254681664
3,1.02124248496994,1.50706719121689
3,1.02384769539078,1.48872474014515
3,1.02645290581162,1.45212948272128
3,1.02905811623246,1.41028349359462
3,1.03166332665331,1.33931073693182
3,1.03426853707415,1.28831738455589
3,1.03687374749499,1.24732600805804
3,1.03947895791583,1.23835015749501
3,1.04208416833667,1.25558327109142
3,1.04468937875751,1.30234360125399
3,1.04729458917836,1.31946652671681
3,1.0498997995992,1.33509959889487
3,1.05250501002004,1.34030094224269
3,1.05511022044088,1.33753657952239
3,1.05771543086172,1.3177975676144
3,1.06032064128257,1.29711919305695
3,1.06292585170341,1.27771708143205
3,1.06553106212425,1.21202935592555
3,1.06813627254509,1.15569723165216
3,1.07074148296593,1.10994047354396
3,1.07334669338677,1.04597386076303
3,1.07595190380762,0.956904272787815
3,1.07855711422846,0.853759036575234
3,1.0811623246493,0.721871991115996
3,1.08376753507014,0.59618688261378
3,1.08637274549098,0.515021725943065
3,1.08897795591182,0.453754765707921
3,1.09158316633267,0.410034209327048
3,1.09418837675351,0.341450612383814
3,1.09679358717435,0.238411346389552
3,1.09939879759519,0.118337060700837
3,1.10200400801603,0.0213392542851513
3,1.10460921843687,-0.0796065921029501
3,1.10721442885772,-0.162318283593334
3,1.10981963927856,-0.236808178802831
3,1.1124248496994,-0.295411618227623
3,1.11503006012024,-0.366364871736291
3,1.11763527054108,-0.454221448248911
3,1.12024048096192,-0.538453707959109
3,1.12284569138277,-0.6166158729087
3,1.12545090180361,-0.723122001133653
3,1.12805611222445,-0.814264717286675
3,1.13066132264529,-0.930852808504344
3,1.13326653306613,-1.05133193936238
3,1.13587174348697,-1.15624716423043
3,1.13847695390782,-1.2603241588437
3,1.14108216432866,-1.3824430329289
3,1.1436873747495,-1.50293695321546
3,1.14629258517034,-1.60980650285145
3,1.14889779559118,-1.71978174230116
3,1.15150300601202,-1.84592697577255
3,1.15410821643287,-1.98505713429333
3,1.15671342685371,-2.12027959204738
3,1.15931863727455,-2.24621227479967
3,1.16192384769539,-2.32346619465956
3,1.16452905811623,-2.4037693476399
3,1.16713426853707,-2.46660261495306
3,1.16973947895792,-2.52114131152791
3,1.17234468937876,-2.56185976420089
3,1.1749498997996,-2.6032582458014
3,1.17755511022044,-2.61840855244272
3,1.18016032064128,-2.65484193720479
3,1.18276553106212,-2.68501464466101
3,1.18537074148297,-2.70170900640597
3,1.18797595190381,-2.68531561178199
3,1.19058116232465,-2.66078721836061
3,1.19318637274549,-2.62110967075325
3,1.19579158316633,-2.56605563076667
3,1.19839679358717,-2.52018048505682
3,1.20100200400802,-2.47663740472215
3,1.20360721442886,-2.43317477009942
3,1.2062124248497,-2.36371217321183
3,1.20881763527054,-2.28286933697512
3,1.21142284569138,-2.19606742749029
3,1.21402805611222,-2.06055368686218
3,1.21663326653307,-1.91128102249385
3,1.21923847695391,-1.76230833416518
3,1.22184368737475,-1.61081356087105
3,1.22444889779559,-1.43512228422459
3,1.22705410821643,-1.24512871315027
3,1.22965931863727,-1.05952641128544
3,1.23226452905812,-0.902031189472397
3,1.23486973947896,-0.754953815799277
3,1.2374749498998,-0.616693927121306
3,1.24008016032064,-0.52975815773595
3,1.24268537074148,-0.493704299762832
3,1.24529058116232,-0.506701002279271
3,1.24789579158317,-0.496870248555964
3,1.25050100200401,-0.465432648483386
3,1.25310621242485,-0.48215492770636
3,1.25571142284569,-0.49889690438302
3,1.25831663326653,-0.508172047201225
3,1.26092184368737,-0.5198271711317
3,1.26352705410822,-0.54569604680957
3,1.26613226452906,-0.597974770111302
3,1.2687374749499,-0.631474003932238
3,1.27134268537074,-0.666527626834676
3,1.27394789579158,-0.701600521625235
3,1.27655310621242,-0.718856082194573
3,1.27915831663327,-0.717234473522911
3,1.28176352705411,-0.718752023939777
3,1.28436873747495,-0.731425484465858
3,1.28697394789579,-0.737897899433699
3,1.28957915831663,-0.764699914173769
3,1.29218436873747,-0.786252642029231
3,1.29478957915832,-0.797466170606154
3,1.29739478957916,-0.798569903328775
3,1.3,-0.801416115722313
